/*
SQLyog Ultimate v12.5.0 (64 bit)
MySQL - 5.7.44 : Database - matching_game
*********************************************************************
*/

/*!40101 SET NAMES utf8 */;

/*!40101 SET SQL_MODE=''*/;

/*!40014 SET @OLD_UNIQUE_CHECKS=@@UNIQUE_CHECKS, UNIQUE_CHECKS=0 */;
/*!40014 SET @OLD_FOREIGN_KEY_CHECKS=@@FOREIGN_KEY_CHECKS, FOREIGN_KEY_CHECKS=0 */;
/*!40101 SET @OLD_SQL_MODE=@@SQL_MODE, SQL_MODE='NO_AUTO_VALUE_ON_ZERO' */;
/*!40111 SET @OLD_SQL_NOTES=@@SQL_NOTES, SQL_NOTES=0 */;
CREATE DATABASE /*!32312 IF NOT EXISTS*/`matching_game` /*!40100 DEFAULT CHARACTER SET utf8mb4 COLLATE utf8mb4_unicode_ci */;

USE `matching_game`;


DROP TABLE IF EXISTS `papers`;

CREATE TABLE `papers` (
  `id` int(11) NOT NULL AUTO_INCREMENT,
  `title` varchar(255) COLLATE utf8mb4_unicode_ci NOT NULL,
  `description` text COLLATE utf8mb4_unicode_ci,
  `grade` enum('grade1','grade2','grade3','grade4','grade5','grade6') COLLATE utf8mb4_unicode_ci DEFAULT NULL,
  `subject` enum('math','chinese','english','science') COLLATE utf8mb4_unicode_ci DEFAULT NULL,
  `total_points` int(11) DEFAULT '0',
  `created_at` timestamp NOT NULL DEFAULT CURRENT_TIMESTAMP,
  `updated_at` timestamp NOT NULL DEFAULT CURRENT_TIMESTAMP ON UPDATE CURRENT_TIMESTAMP,
  PRIMARY KEY (`id`)
) ENGINE=InnoDB AUTO_INCREMENT=2 DEFAULT CHARSET=utf8mb4 COLLATE=utf8mb4_unicode_ci;


DROP TABLE IF EXISTS `poems`;

CREATE TABLE `poems` (
  `id` int(11) NOT NULL AUTO_INCREMENT,
  `title` varchar(255) COLLATE utf8mb4_unicode_ci NOT NULL COMMENT '诗题',
  `author` varchar(100) COLLATE utf8mb4_unicode_ci NOT NULL COMMENT '作者',
  `dynasty` varchar(50) COLLATE utf8mb4_unicode_ci NOT NULL COMMENT '朝代',
  `genre` enum('五言绝句','七言绝句','五言律诗','七言律诗','其他') COLLATE utf8mb4_unicode_ci DEFAULT '其他' COMMENT '体裁',
  `content` text COLLATE utf8mb4_unicode_ci NOT NULL COMMENT '诗文全文（整首存储）',
  `content_lines` json DEFAULT NULL COMMENT '按句拆分后的JSON数组，便于前端展示',
  `is_active` tinyint(1) DEFAULT '1' COMMENT '是否启用',
  `created_at` timestamp NOT NULL DEFAULT CURRENT_TIMESTAMP,
  `updated_at` timestamp NOT NULL DEFAULT CURRENT_TIMESTAMP ON UPDATE CURRENT_TIMESTAMP,
  PRIMARY KEY (`id`),
  KEY `idx_title` (`title`),
  KEY `idx_author` (`author`),
  KEY `idx_dynasty` (`dynasty`),
  KEY `idx_genre` (`genre`),
  KEY `idx_active` (`is_active`)
) ENGINE=InnoDB AUTO_INCREMENT=4 DEFAULT CHARSET=utf8mb4 COLLATE=utf8mb4_unicode_ci COMMENT='古诗表';



DROP TABLE IF EXISTS `questions`;

CREATE TABLE `questions` (
  `id` int(11) NOT NULL AUTO_INCREMENT,
  `title` varchar(255) COLLATE utf8mb4_unicode_ci NOT NULL COMMENT '题目标题',
  `description` text COLLATE utf8mb4_unicode_ci COMMENT '题目说明',
  `difficulty_level` enum('easy','medium','hard','error_prone') COLLATE utf8mb4_unicode_ci DEFAULT 'easy' COMMENT '难度等级：easy=简单, medium=中等, hard=困难, error_prone=易错题',
  `grade` enum('grade1','grade2','grade3','grade4','grade5','grade6') COLLATE utf8mb4_unicode_ci NOT NULL DEFAULT 'grade1' COMMENT '年级：grade1=一年级, grade2=二年级, grade3=三年级, grade4=四年级, grade5=五年级, grade6=六年级',
  `subject` enum('math','chinese','english','science') COLLATE utf8mb4_unicode_ci NOT NULL DEFAULT 'math' COMMENT '科目：math=数学, chinese=语文, english=英语, science=科学',
  `hint_enabled` tinyint(1) NOT NULL DEFAULT '0',
  `hint_text` text COLLATE utf8mb4_unicode_ci,
  `image_enabled` tinyint(1) NOT NULL DEFAULT '0',
  `image_url` varchar(1024) COLLATE utf8mb4_unicode_ci DEFAULT NULL,
  `draft_enabled` tinyint(1) NOT NULL DEFAULT '0',
  `poem_id` int(11) DEFAULT NULL,
  `is_active` tinyint(1) DEFAULT '1' COMMENT '是否启用',
  `created_at` timestamp NOT NULL DEFAULT CURRENT_TIMESTAMP,
  `updated_at` timestamp NOT NULL DEFAULT CURRENT_TIMESTAMP ON UPDATE CURRENT_TIMESTAMP,
  `question_type` enum('matching','choice','poem_fill','fill_blank') COLLATE utf8mb4_unicode_ci NOT NULL,
  PRIMARY KEY (`id`),
  KEY `idx_grade` (`grade`),
  KEY `idx_subject` (`subject`),
  KEY `fk_questions_poem` (`poem_id`),
  CONSTRAINT `fk_questions_poem` FOREIGN KEY (`poem_id`) REFERENCES `poems` (`id`) ON DELETE SET NULL
) ENGINE=InnoDB AUTO_INCREMENT=87 DEFAULT CHARSET=utf8mb4 COLLATE=utf8mb4_unicode_ci COMMENT='题目主表';

DROP TABLE IF EXISTS `word_plans`;

CREATE TABLE `word_plans` (
  `id` int(11) NOT NULL AUTO_INCREMENT,
  `name` varchar(255) COLLATE utf8mb4_unicode_ci NOT NULL COMMENT '计划名称',
  `description` text COLLATE utf8mb4_unicode_ci COMMENT '计划描述',
  `mode` enum('flash-card','spelling') COLLATE utf8mb4_unicode_ci NOT NULL DEFAULT 'flash-card' COMMENT '答题模式',
  `status` enum('active','inactive') COLLATE utf8mb4_unicode_ci NOT NULL DEFAULT 'inactive' COMMENT '启用状态',
  `target_word_count` int(11) NOT NULL DEFAULT '10' COMMENT '目标单词数量',
  `daily_word_count` int(11) NOT NULL DEFAULT '5' COMMENT '每日学习单词数量',
  `created_at` timestamp NOT NULL DEFAULT CURRENT_TIMESTAMP,
  `updated_at` timestamp NOT NULL DEFAULT CURRENT_TIMESTAMP ON UPDATE CURRENT_TIMESTAMP,
  PRIMARY KEY (`id`)
) ENGINE=InnoDB DEFAULT CHARSET=utf8mb4 COLLATE=utf8mb4_unicode_ci;

DROP TABLE IF EXISTS `choice_options`;

CREATE TABLE `choice_options` (
  `id` int(11) NOT NULL AUTO_INCREMENT,
  `question_id` int(11) NOT NULL COMMENT '所属题目ID',
  `content` text COLLATE utf8mb4_unicode_ci NOT NULL COMMENT '选项内容',
  `is_correct` tinyint(1) NOT NULL DEFAULT '0' COMMENT '是否为正确答案',
  `display_order` int(11) DEFAULT '0' COMMENT '显示顺序',
  `created_at` timestamp NOT NULL DEFAULT CURRENT_TIMESTAMP,
  PRIMARY KEY (`id`),
  KEY `idx_question_id` (`question_id`),
  CONSTRAINT `choice_options_ibfk_1` FOREIGN KEY (`question_id`) REFERENCES `questions` (`id`) ON DELETE CASCADE
) ENGINE=InnoDB AUTO_INCREMENT=31 DEFAULT CHARSET=utf8mb4 COLLATE=utf8mb4_unicode_ci COMMENT='选择题选项表';

DROP TABLE IF EXISTS `paper_items`;

CREATE TABLE `paper_items` (
  `id` int(11) NOT NULL AUTO_INCREMENT,
  `paper_id` int(11) NOT NULL,
  `question_id` int(11) NOT NULL,
  `display_order` int(11) DEFAULT '0',
  `points` int(11) DEFAULT '0',
  PRIMARY KEY (`id`),
  KEY `idx_paper_id` (`paper_id`),
  KEY `idx_question_id` (`question_id`),
  CONSTRAINT `paper_items_ibfk_1` FOREIGN KEY (`paper_id`) REFERENCES `papers` (`id`) ON DELETE CASCADE,
  CONSTRAINT `paper_items_ibfk_2` FOREIGN KEY (`question_id`) REFERENCES `questions` (`id`) ON DELETE CASCADE
) ENGINE=InnoDB AUTO_INCREMENT=4 DEFAULT CHARSET=utf8mb4 COLLATE=utf8mb4_unicode_ci;

DROP TABLE IF EXISTS `exam_sessions`;

CREATE TABLE `exam_sessions` (
  `id` int(11) NOT NULL AUTO_INCREMENT,
  `user_id` varchar(100) COLLATE utf8mb4_unicode_ci NOT NULL,
  `paper_id` int(11) NOT NULL,
  `status` enum('created','started','submitted') COLLATE utf8mb4_unicode_ci DEFAULT 'created',
  `duration_seconds` int(11) DEFAULT '0',
  `score` int(11) DEFAULT '0',
  `started_at` timestamp NULL DEFAULT NULL,
  `submitted_at` timestamp NULL DEFAULT NULL,
  `created_at` timestamp NOT NULL DEFAULT CURRENT_TIMESTAMP,
  `updated_at` timestamp NOT NULL DEFAULT CURRENT_TIMESTAMP ON UPDATE CURRENT_TIMESTAMP,
  PRIMARY KEY (`id`),
  KEY `paper_id` (`paper_id`),
  KEY `idx_user_paper` (`user_id`,`paper_id`),
  CONSTRAINT `exam_sessions_ibfk_1` FOREIGN KEY (`paper_id`) REFERENCES `papers` (`id`) ON DELETE CASCADE
) ENGINE=InnoDB AUTO_INCREMENT=4 DEFAULT CHARSET=utf8mb4 COLLATE=utf8mb4_unicode_ci;

DROP TABLE IF EXISTS `exam_answers`;

CREATE TABLE `exam_answers` (
  `id` int(11) NOT NULL AUTO_INCREMENT,
  `session_id` int(11) NOT NULL,
  `question_id` int(11) NOT NULL,
  `answer_json` json NOT NULL,
  `is_correct` tinyint(1) DEFAULT '0',
  `points_awarded` int(11) DEFAULT '0',
  `created_at` timestamp NOT NULL DEFAULT CURRENT_TIMESTAMP,
  PRIMARY KEY (`id`),
  KEY `idx_session_q` (`session_id`,`question_id`),
  CONSTRAINT `exam_answers_ibfk_1` FOREIGN KEY (`session_id`) REFERENCES `exam_sessions` (`id`) ON DELETE CASCADE
) ENGINE=InnoDB DEFAULT CHARSET=utf8mb4 COLLATE=utf8mb4_unicode_ci;

DROP TABLE IF EXISTS `question_items`;

CREATE TABLE `question_items` (
  `id` int(11) NOT NULL AUTO_INCREMENT,
  `question_id` int(11) NOT NULL COMMENT '所属题目ID',
  `content` varchar(255) COLLATE utf8mb4_unicode_ci NOT NULL COMMENT '显示内容',
  `side` enum('left','right') COLLATE utf8mb4_unicode_ci NOT NULL COMMENT '所在列：left=左列, right=右列',
  `match_item_id` int(11) DEFAULT NULL COMMENT '正确匹配的项目ID（指向右列的ID）',
  `display_order` int(11) DEFAULT '0' COMMENT '显示顺序',
  `created_at` timestamp NOT NULL DEFAULT CURRENT_TIMESTAMP,
  PRIMARY KEY (`id`),
  KEY `idx_question_id` (`question_id`),
  KEY `idx_side` (`side`),
  CONSTRAINT `question_items_ibfk_1` FOREIGN KEY (`question_id`) REFERENCES `questions` (`id`) ON DELETE CASCADE
) ENGINE=InnoDB AUTO_INCREMENT=799 DEFAULT CHARSET=utf8mb4 COLLATE=utf8mb4_unicode_ci COMMENT='题目项表';


DROP TABLE IF EXISTS `blank_items`;
CREATE TABLE `blank_items` (
  `id` int(11) NOT NULL AUTO_INCREMENT,
  `question_id` int(11) NOT NULL,
  `idx` int(11) NOT NULL,
  `answer_text` text COLLATE utf8mb4_unicode_ci NOT NULL,
  `hint` text COLLATE utf8mb4_unicode_ci,
  `created_at` timestamp NOT NULL DEFAULT CURRENT_TIMESTAMP,
  `updated_at` timestamp NOT NULL DEFAULT CURRENT_TIMESTAMP ON UPDATE CURRENT_TIMESTAMP,
  PRIMARY KEY (`id`),
  UNIQUE KEY `uq_blank_items_question_idx` (`question_id`,`idx`),
  KEY `fk_blank_items_question` (`question_id`),
  CONSTRAINT `fk_blank_items_question` FOREIGN KEY (`question_id`) REFERENCES `questions` (`id`) ON DELETE CASCADE ON UPDATE CASCADE
) ENGINE=InnoDB AUTO_INCREMENT=18 DEFAULT CHARSET=utf8mb4 COLLATE=utf8mb4_unicode_ci;


DROP TABLE IF EXISTS `user_answers`;

CREATE TABLE `user_answers` (
  `id` int(11) NOT NULL AUTO_INCREMENT,
  `user_id` varchar(100) COLLATE utf8mb4_unicode_ci DEFAULT NULL COMMENT '用户标识（可以是设备ID或用户名）',
  `question_id` int(11) NOT NULL COMMENT '题目ID',
  `is_correct` tinyint(1) NOT NULL COMMENT '是否答对',
  `attempt_count` int(11) DEFAULT '1' COMMENT '尝试次数',
  `completed_at` timestamp NOT NULL DEFAULT CURRENT_TIMESTAMP,
  PRIMARY KEY (`id`),
  KEY `idx_user_id` (`user_id`),
  KEY `idx_question_id` (`question_id`),
  CONSTRAINT `user_answers_ibfk_1` FOREIGN KEY (`question_id`) REFERENCES `questions` (`id`) ON DELETE CASCADE
) ENGINE=InnoDB DEFAULT CHARSET=utf8mb4 COLLATE=utf8mb4_unicode_ci COMMENT='答题记录表';


/*Data for the table `papers` */

insert  into `papers`(`id`,`title`,`description`,`grade`,`subject`,`total_points`,`created_at`,`updated_at`) values 
(1,'试卷一','测试组卷功能','grade2','math',15,'2025-11-24 13:35:17','2025-11-24 13:35:21');


/*Data for the table `poems` */

insert  into `poems`(`id`,`title`,`author`,`dynasty`,`genre`,`content`,`content_lines`,`is_active`,`created_at`,`updated_at`) values 
(1,'梅花','王安石','宋','五言绝句','墙角数枝梅，凌寒独自开。遥知不是雪，为有暗香来。','[\"墙角数枝梅，凌寒独自开\", \"遥知不是雪，为有暗香来\"]',1,'2025-11-13 12:43:01','2025-11-13 12:43:01'),
(2,'小儿垂钓','胡令能','唐','七言绝句','蓬头稚子学垂纶，侧坐莓苔草映身。路人借问遥招手，怕得鱼惊不应人。','[\"蓬头稚子学垂纶，侧坐莓苔草映身\", \"路人借问遥招手，怕得鱼惊不应人\"]',1,'2025-11-13 13:36:43','2025-11-13 13:36:43'),
(3,'望庐山瀑布','李白','唐','七言绝句','日照香炉生紫烟，遥看瀑布挂前川。飞流直下三千尺，疑是银河落九天。','[\"日照香炉生紫烟，遥看瀑布挂前川\", \"飞流直下三千尺，疑是银河落九天\"]',1,'2025-11-13 21:05:51','2025-11-13 21:05:51');


/*Data for the table `questions` */

insert  into `questions`(`id`,`title`,`description`,`difficulty_level`,`grade`,`subject`,`hint_enabled`,`hint_text`,`image_enabled`,`image_url`,`draft_enabled`,`poem_id`,`is_active`,`created_at`,`updated_at`,`question_type`) values 
(16,'动物与食物','把动物和它们喜欢吃的食物连起来','easy','grade2','chinese',0,NULL,0,NULL,0,NULL,0,'2025-10-21 18:20:37','2025-11-13 13:22:58','matching'),
(17,'颜色与水果','把水果和它们的颜色连起来','easy','grade2','chinese',0,NULL,0,NULL,0,NULL,0,'2025-10-21 18:20:38','2025-11-13 13:22:58','matching'),
(18,'数字与数量','把数字和对应数量的物品连起来','medium','grade2','chinese',0,NULL,0,NULL,0,NULL,0,'2025-10-21 18:20:38','2025-11-13 13:22:58','matching'),
(19,'几个几与几和几','能正确区分几个几、几和几相加、相乘','easy','grade2','chinese',0,NULL,0,NULL,0,NULL,0,'2025-10-22 17:29:56','2025-11-13 13:22:58','matching'),
(20,'计算下面的数学表达式: \\(2x + 3 = 7\\)','选择正确的答案','medium','grade2','math',0,NULL,0,NULL,0,NULL,0,'2025-10-23 10:51:24','2025-11-13 13:22:58','choice'),
(21,'求下列方程的解: \\(x^2 - 4 = 0\\)','选择所有正确的答案','hard','grade2','chinese',0,NULL,0,NULL,0,NULL,0,'2025-10-23 10:51:24','2025-11-14 14:18:01','choice'),
(22,'动词搭配','动词+名词','easy','grade2','chinese',0,NULL,0,NULL,0,NULL,0,'2025-11-07 16:28:12','2025-11-13 13:22:58','matching'),
(23,'形容词搭配','形容词+名词(什么样的什么)','easy','grade2','chinese',0,NULL,0,NULL,0,NULL,0,'2025-11-07 16:30:22','2025-11-13 13:22:58','matching'),
(24,'量词搭配','选择合适的量词来称呼后面的名词，量词+名词','easy','grade2','chinese',0,NULL,0,NULL,0,NULL,0,'2025-11-07 16:34:22','2025-11-13 13:22:58','matching'),
(25,'近义词','选择意思相近的词语','easy','grade2','chinese',0,NULL,0,NULL,0,NULL,0,'2025-11-07 16:36:17','2025-11-13 13:22:58','matching'),
(26,'反义词','选择意思相反的词语','easy','grade2','chinese',0,NULL,0,NULL,0,NULL,0,'2025-11-07 16:37:26','2025-11-13 13:22:58','matching'),
(27,'课文告诉我们什么道理','以下三篇文章分别告诉我们什么道理呢？','easy','grade2','chinese',0,NULL,0,NULL,0,NULL,0,'2025-11-07 16:47:47','2025-11-13 13:22:58','matching'),
(28,'形容词搭配','用准确的形容词来形容一个事物','easy','grade2','chinese',0,NULL,0,NULL,0,NULL,0,'2025-11-07 16:49:22','2025-11-13 13:22:58','matching'),
(29,'动作描写','准确描述事物的动作','easy','grade2','chinese',0,NULL,0,NULL,0,NULL,0,'2025-11-07 16:50:28','2025-11-13 13:22:58','matching'),
(30,'量词搭配','用准确的量词称呼名词','easy','grade2','chinese',0,NULL,0,NULL,0,NULL,0,'2025-11-07 16:52:12','2025-11-13 13:22:58','matching'),
(31,'ABB搭配','ABB式叠词','easy','grade2','chinese',0,NULL,0,NULL,0,NULL,0,'2025-11-07 16:55:22','2025-11-13 13:22:58','matching'),
(32,'形近字辨析','形近字辨析，左右搭配形成词语即可，可以左边字在前，也可以右边字在前','easy','grade2','chinese',0,NULL,0,NULL,0,NULL,0,'2025-11-07 17:00:18','2025-11-13 13:22:58','matching'),
(33,'形近字辨析','把字看仔细','easy','grade2','chinese',0,NULL,0,NULL,0,NULL,0,'2025-11-07 17:06:05','2025-11-13 13:22:58','matching'),
(34,'多音字辨析','把音读准','easy','grade2','chinese',0,NULL,0,NULL,0,NULL,0,'2025-11-07 17:10:28','2025-11-13 13:22:58','matching'),
(44,'量词搭配','量词搭配','easy','grade2','chinese',0,NULL,0,NULL,0,NULL,0,'2025-11-09 15:12:22','2025-11-13 13:22:58','matching'),
(45,'量词搭配','量词搭配','easy','grade2','chinese',0,NULL,0,NULL,0,NULL,0,'2025-11-09 15:13:36','2025-11-13 13:22:58','matching'),
(46,'量词搭配','量词搭配','easy','grade2','chinese',0,NULL,0,NULL,0,NULL,0,'2025-11-09 15:14:33','2025-11-13 13:22:58','matching'),
(47,'量词搭配','量词搭配','easy','grade2','chinese',0,NULL,0,NULL,0,NULL,0,'2025-11-09 15:15:59','2025-11-13 13:22:58','matching'),
(48,'量词搭配','量词搭配','easy','grade2','chinese',0,NULL,0,NULL,0,NULL,0,'2025-11-09 15:17:53','2025-11-13 13:22:58','matching'),
(49,'量词搭配','量词搭配','easy','grade2','chinese',0,NULL,0,NULL,0,NULL,0,'2025-11-09 15:19:49','2025-11-13 13:22:58','matching'),
(50,'量词搭配','量词搭配','easy','grade2','chinese',0,NULL,0,NULL,0,NULL,0,'2025-11-09 15:21:06','2025-11-13 13:22:58','matching'),
(51,'形近字辨析','形近字辨析','easy','grade2','chinese',0,NULL,0,NULL,0,NULL,0,'2025-11-09 16:23:05','2025-11-13 13:22:58','matching'),
(52,'形近字辨析','形近字辨析','easy','grade2','chinese',0,NULL,0,NULL,0,NULL,0,'2025-11-09 16:25:30','2025-11-13 13:22:58','matching'),
(53,'形近字辨析','形近字辨析','easy','grade2','chinese',0,NULL,0,NULL,0,NULL,0,'2025-11-09 16:28:30','2025-11-13 13:22:58','matching'),
(54,'形近字辨析','形近字辨析','easy','grade2','chinese',0,NULL,0,NULL,0,NULL,0,'2025-11-09 16:31:41','2025-11-13 13:22:58','matching'),
(55,'形近字辨析','形近字辨析','easy','grade2','chinese',0,NULL,0,NULL,0,NULL,0,'2025-11-09 16:33:31','2025-11-13 13:22:58','matching'),
(56,'多音字辨析','读准字音','easy','grade2','chinese',0,NULL,0,NULL,0,NULL,0,'2025-11-09 16:35:50','2025-11-13 13:22:58','matching'),
(57,'多音字辨析','读准字音','easy','grade2','chinese',0,NULL,0,NULL,0,NULL,0,'2025-11-09 16:37:43','2025-11-13 13:22:58','matching'),
(58,'多音字辨析','多音字辨析','easy','grade2','chinese',0,NULL,0,NULL,0,NULL,0,'2025-11-09 16:41:28','2025-11-13 13:22:58','matching'),
(59,'近义词','选择意思相近的词语','easy','grade2','chinese',0,NULL,0,NULL,0,NULL,0,'2025-11-09 16:43:50','2025-11-13 13:22:58','matching'),
(60,'近义词','选择意思相近的词语','easy','grade2','chinese',0,NULL,0,NULL,0,NULL,0,'2025-11-09 16:46:01','2025-11-13 13:22:58','matching'),
(61,'反义词','选择意思相反的词语','easy','grade2','chinese',0,NULL,0,NULL,0,NULL,0,'2025-11-09 16:49:00','2025-11-13 13:22:58','matching'),
(62,'反义词','选择意思相反的词语','easy','grade2','chinese',0,NULL,0,NULL,0,NULL,0,'2025-11-09 16:51:28','2025-11-13 13:22:58','matching'),
(63,'俗语搭配','俗语搭配','easy','grade2','chinese',0,NULL,0,NULL,0,NULL,0,'2025-11-09 18:36:11','2025-11-13 13:22:58','matching'),
(64,'动词搭配','动词搭配','easy','grade2','chinese',0,NULL,0,NULL,0,NULL,0,'2025-11-09 18:40:02','2025-11-13 13:22:58','matching'),
(66,'梅花','梅花','easy','grade2','chinese',0,NULL,0,NULL,0,1,0,'2025-11-13 13:19:20','2025-11-14 14:14:14','poem_fill'),
(67,'小儿垂钓','小儿垂钓','easy','grade2','chinese',0,NULL,0,NULL,0,2,0,'2025-11-13 13:37:32','2025-11-13 21:04:13','poem_fill'),
(68,'谁比谁多','小明看了30页书，比弟弟少看6页，问弟弟看了多少页？','easy','grade2','math',1,'求谁就看谁是多还是少，多就加，少就减',0,NULL,1,NULL,0,'2025-11-13 19:32:49','2025-12-21 14:40:26','choice'),
(69,'代词辨析','正确使用代词','easy','grade2','english',0,'',0,'',0,NULL,1,'2025-11-15 17:50:17','2025-12-21 14:27:44','matching'),
(70,'代词辨析','正确使用代词','easy','grade2','english',0,NULL,0,NULL,0,NULL,0,'2025-11-15 17:52:02','2025-11-25 22:19:22','matching'),
(71,'看书问题','小明看一本书，每天看5页，看了6天，问第7天要从第几页开始看？','easy','grade2','math',1,'注意前面几天一共看了多少页？',0,NULL,1,NULL,0,'2025-11-15 19:06:05','2025-11-25 22:19:22','choice'),
(72,'have got和has got','（） he got a book?','easy','grade2','english',1,'注意三单',0,NULL,0,NULL,0,'2025-11-16 17:04:14','2025-11-25 22:19:22','choice'),
(73,'THere be有','There () two books on the table.','easy','grade2','english',1,'注意单数还是复数',0,NULL,0,NULL,0,'2025-11-16 17:07:28','2025-11-25 22:19:22','choice'),
(74,'3乘5','3\\(\\times\\)5表示{_0}个{_1}相加，口诀是{_2}','easy','grade1','math',0,NULL,0,NULL,0,NULL,0,'2025-11-25 22:14:10','2025-12-20 19:15:48','fill_blank'),
(75,'兔妈妈采蘑菇','兔妈妈采了一篮蘑菇。蘑菇的数量比40多，比50少。平均分给几只小兔，每只小兔分得的数量刚好和小兔的只数同样多。兔妈妈采了{_0}个蘑菇，平均分给{_1}只小兔。','error_prone','grade2','math',0,'',0,'',1,NULL,1,'2025-12-20 19:20:44','2025-12-20 19:21:06','fill_blank'),
(76,'多音字：mu','多音字辨析，连一连','error_prone','grade2','chinese',0,'',0,'',0,NULL,1,'2025-12-21 11:33:37','2025-12-21 11:36:09','matching'),
(77,'看电影','某电影院的一个影厅有9排座位，每排有5个座位。二（1）班共有44名学生，2位老师要带他们一起去看电影，请问电影院能坐得下吗？','easy','grade2','math',0,NULL,0,NULL,0,NULL,0,'2025-12-21 14:08:27','2025-12-21 15:11:06','choice'),
(78,'等量代换','在原始社会，人们使用以物易物的方式交换自己所需要的物资。比如，1头牛可以换4只羊，1只羊可以换3只兔子。想一想，24只兔子可以换{_0}头牛？','easy','grade2','math',1,'先用兔子换羊，再用羊换牛',0,NULL,1,NULL,0,'2025-12-21 14:11:05','2025-12-21 15:10:13','fill_blank'),
(79,'归一问题','二年级同学参加合唱比赛，要求同学们按照“5男4女”每9人站一排。女生共有32人， 男生共有{_0}人','medium','grade2','math',1,'先求出有几排',0,NULL,1,NULL,1,'2025-12-21 14:23:43','2025-12-21 14:23:43','fill_blank'),
(80,'数位问题','有一个两位数，两个数位上的数之和为13，个位比十位大3，这个两位数是{_0}','hard','grade2','math',0,NULL,0,NULL,1,NULL,1,'2025-12-21 14:26:51','2025-12-21 14:26:51','fill_blank'),
(81,'错中求解','一道除法题，除数是9，小乐把被除数十位上的数字和个位上的数字看颠倒了，结果除得的商是4。这道题正确的商应该是{_0}?','hard','grade2','math',0,NULL,0,NULL,1,NULL,1,'2025-12-21 14:58:20','2025-12-21 14:58:20','fill_blank'),
(82,'乘法口诀','一些苹果，比20多，比25少，正好放了4盘，每盘一样多，这些苹果可能有{_0}个，每盘有{_1}个。','hard','grade2','math',0,NULL,0,NULL,1,NULL,1,'2025-12-21 15:00:53','2025-12-21 15:00:53','fill_blank'),
(83,'剪绳子','一段12米长的绳子，剪了3次，平均每段长{_0}米。','medium','grade2','math',1,'先求剪成了几段',0,NULL,1,NULL,0,'2025-12-21 15:02:45','2025-12-21 15:10:17','fill_blank'),
(84,'绳子对折','一根绳子对折再对折后，量得它的长是3厘米，这根绳子原来长{_0}厘米。','hard','grade2','math',0,NULL,0,NULL,1,NULL,0,'2025-12-21 15:04:37','2025-12-21 15:10:19','fill_blank'),
(85,'简单乘法','动物园观光车乘坐票每人4元，红红和5个好朋友乘坐，一共要花{_0}元。','medium','grade2','math',1,'想一想一共有几个人',0,NULL,1,NULL,0,'2025-12-21 15:06:12','2025-12-21 15:10:21','fill_blank'),
(86,'绳子对折','一根绳子长48厘米，对折，对折再对折后，每段长{_0}厘米。','medium','grade2','math',0,NULL,0,NULL,1,NULL,0,'2025-12-21 15:07:49','2025-12-21 15:10:22','fill_blank');


/*Data for the table `blank_items` */

insert  into `blank_items`(`id`,`question_id`,`idx`,`answer_text`,`hint`,`created_at`,`updated_at`) values 
(1,74,0,'5',NULL,'2025-11-25 22:14:10','2025-11-25 22:14:10'),
(2,74,1,'3',NULL,'2025-11-25 22:14:10','2025-11-25 22:14:10'),
(3,74,2,'三五十五',NULL,'2025-11-25 22:14:10','2025-11-25 22:14:10'),
(6,75,0,'49',NULL,'2025-12-20 19:21:06','2025-12-20 19:21:06'),
(7,75,1,'7',NULL,'2025-12-20 19:21:06','2025-12-20 19:21:06'),
(8,78,0,'2',NULL,'2025-12-21 14:11:05','2025-12-21 14:11:05'),
(9,79,0,'40',NULL,'2025-12-21 14:23:43','2025-12-21 14:23:43'),
(10,80,0,'58',NULL,'2025-12-21 14:26:51','2025-12-21 14:26:51'),
(11,81,0,'7',NULL,'2025-12-21 14:58:20','2025-12-21 14:58:20'),
(12,82,0,'24',NULL,'2025-12-21 15:00:53','2025-12-21 15:00:53'),
(13,82,1,'6',NULL,'2025-12-21 15:00:53','2025-12-21 15:00:53'),
(14,83,0,'3',NULL,'2025-12-21 15:02:45','2025-12-21 15:02:45'),
(15,84,0,'12',NULL,'2025-12-21 15:04:37','2025-12-21 15:04:37'),
(16,85,0,'24',NULL,'2025-12-21 15:06:12','2025-12-21 15:06:12'),
(17,86,0,'6',NULL,'2025-12-21 15:07:50','2025-12-21 15:07:50');



/*Data for the table `choice_options` */

insert  into `choice_options`(`id`,`question_id`,`content`,`is_correct`,`display_order`,`created_at`) values 
(5,21,'\\(x = 2\\)',1,1,'2025-10-23 10:51:25'),
(6,21,'\\(x = -2\\)',1,2,'2025-10-23 10:51:25'),
(7,21,'\\(x = 0\\)',0,3,'2025-10-23 10:51:25'),
(8,21,'\\(x = 4\\)',0,4,'2025-10-23 10:51:25'),
(9,20,'\\(x = 2\\)',1,1,'2025-11-10 09:51:38'),
(10,20,'\\(x = 3\\)',0,2,'2025-11-10 09:51:38'),
(11,20,'\\(x = 4\\)',0,3,'2025-11-10 09:51:38'),
(12,20,'\\(x = 5\\)',0,4,'2025-11-10 09:51:38'),
(13,68,'36',1,1,'2025-11-13 19:32:49'),
(14,68,'24',0,2,'2025-11-13 19:32:50'),
(15,68,'30',0,3,'2025-11-13 19:32:50'),
(16,68,'40',0,4,'2025-11-13 19:32:51'),
(17,71,'5',0,1,'2025-11-15 19:06:05'),
(18,71,'6',0,2,'2025-11-15 19:06:05'),
(19,71,'30',0,3,'2025-11-15 19:06:06'),
(20,71,'31',1,4,'2025-11-15 19:06:06'),
(21,72,'Have',0,1,'2025-11-16 17:04:14'),
(22,72,'Has',1,2,'2025-11-16 17:04:14'),
(23,72,'There',0,3,'2025-11-16 17:04:14'),
(24,72,'Is',0,4,'2025-11-16 17:04:14'),
(25,73,'am',0,1,'2025-11-16 17:07:28'),
(26,73,'is',0,2,'2025-11-16 17:07:28'),
(27,73,'are',1,3,'2025-11-16 17:07:29'),
(28,73,'have got',0,4,'2025-11-16 17:07:29'),
(29,77,'能',0,1,'2025-12-21 14:08:27'),
(30,77,'不能',1,2,'2025-12-21 14:08:27');



/*Data for the table `exam_sessions` */

insert  into `exam_sessions`(`id`,`user_id`,`paper_id`,`status`,`duration_seconds`,`score`,`started_at`,`submitted_at`,`created_at`,`updated_at`) values 
(1,'local-user',1,'started',0,0,'2025-11-24 13:59:58',NULL,'2025-11-24 13:59:58','2025-11-24 13:59:58'),
(2,'local-user',1,'started',0,0,'2025-11-24 14:00:10',NULL,'2025-11-24 14:00:10','2025-11-24 14:00:10'),
(3,'local-user',1,'started',0,0,'2025-11-24 14:00:29',NULL,'2025-11-24 14:00:29','2025-11-24 14:00:29');

/*Data for the table `paper_items` */

insert  into `paper_items`(`id`,`paper_id`,`question_id`,`display_order`,`points`) values 
(1,1,71,1,5),
(2,1,68,2,5),
(3,1,20,3,5);


/*Table structure for table `question_items` */



/*Data for the table `question_items` */

insert  into `question_items`(`id`,`question_id`,`content`,`side`,`match_item_id`,`display_order`,`created_at`) values 
(97,19,'3个4相加','left',101,1,'2025-10-22 17:29:56'),
(98,19,'3个4相乘','left',103,2,'2025-10-22 17:29:56'),
(99,19,'3和4相加','left',104,3,'2025-10-22 17:29:56'),
(100,19,'3和4相乘','left',102,4,'2025-10-22 17:29:56'),
(101,19,'4 × 3','right',NULL,1,'2025-10-22 17:29:56'),
(102,19,'3 × 4','right',NULL,2,'2025-10-22 17:29:56'),
(103,19,'4 × 4 × 4','right',NULL,3,'2025-10-22 17:29:56'),
(104,19,'3 + 4','right',NULL,4,'2025-10-22 17:29:56'),
(105,17,'? 苹果','left',NULL,1,'2025-10-22 17:30:10'),
(106,17,'? 橙子','left',NULL,2,'2025-10-22 17:30:10'),
(107,17,'? 葡萄','left',NULL,3,'2025-10-22 17:30:10'),
(108,17,'? 香蕉','left',NULL,4,'2025-10-22 17:30:10'),
(109,17,'? 紫色','right',NULL,1,'2025-10-22 17:30:10'),
(110,17,'? 红色','right',NULL,2,'2025-10-22 17:30:10'),
(111,17,'? 黄色','right',NULL,3,'2025-10-22 17:30:10'),
(112,17,'? 橙色','right',NULL,4,'2025-10-22 17:30:10'),
(113,18,'1️⃣ 一','left',NULL,1,'2025-10-22 17:30:20'),
(114,18,'2️⃣ 二','left',NULL,2,'2025-10-22 17:30:20'),
(115,18,'3️⃣ 三','left',NULL,3,'2025-10-22 17:30:20'),
(116,18,'5️⃣ 五','left',NULL,4,'2025-10-22 17:30:20'),
(117,18,'⭐⭐⭐ 三颗星','right',NULL,1,'2025-10-22 17:30:20'),
(118,18,'? 一个气球','right',NULL,2,'2025-10-22 17:30:20'),
(119,18,'?? 两个苹果','right',NULL,3,'2025-10-22 17:30:20'),
(120,18,'????? 五朵花','right',NULL,4,'2025-10-22 17:30:20'),
(121,16,'? 小猫','left',NULL,1,'2025-10-22 17:31:09'),
(122,16,'? 小狗','left',NULL,2,'2025-10-22 17:31:09'),
(123,16,'? 兔子','left',NULL,3,'2025-10-22 17:31:09'),
(124,16,'? 猴子','left',NULL,4,'2025-10-22 17:31:09'),
(125,16,'? 骨头','right',NULL,1,'2025-10-22 17:31:09'),
(126,16,'? 胡萝卜','right',NULL,2,'2025-10-22 17:31:09'),
(127,16,'? 小鱼','right',NULL,3,'2025-10-22 17:31:09'),
(128,16,'? 香蕉','right',NULL,4,'2025-10-22 17:31:09'),
(373,34,'教书','left',381,1,'2025-11-08 18:11:46'),
(374,34,'教室','left',383,2,'2025-11-08 18:11:46'),
(375,34,'淹没','left',382,3,'2025-11-08 18:11:46'),
(376,34,'没有','left',388,4,'2025-11-08 18:11:46'),
(377,34,'行为','left',385,5,'2025-11-08 18:11:47'),
(378,34,'因为','left',384,6,'2025-11-08 18:11:47'),
(379,34,'种子','left',386,7,'2025-11-08 18:11:47'),
(380,34,'种树','left',387,8,'2025-11-08 18:11:47'),
(381,34,'jiāo','right',NULL,1,'2025-11-08 18:11:47'),
(382,34,'mò','right',NULL,2,'2025-11-08 18:11:47'),
(383,34,'jiào','right',NULL,3,'2025-11-08 18:11:47'),
(384,34,'wèi','right',NULL,4,'2025-11-08 18:11:47'),
(385,34,'wéi','right',NULL,5,'2025-11-08 18:11:47'),
(386,34,'zhǒng','right',NULL,6,'2025-11-08 18:11:48'),
(387,34,'zhòng','right',NULL,7,'2025-11-08 18:11:48'),
(388,34,'méi','right',NULL,8,'2025-11-08 18:11:48'),
(389,33,'睛','left',397,1,'2025-11-08 18:12:23'),
(390,33,'晴','left',398,2,'2025-11-08 18:12:23'),
(391,33,'洋','left',399,3,'2025-11-08 18:12:23'),
(392,33,'样','left',400,4,'2025-11-08 18:12:23'),
(393,33,'哪','left',395,5,'2025-11-08 18:12:23'),
(394,33,'那','left',396,6,'2025-11-08 18:12:23'),
(395,33,'来的','right',NULL,1,'2025-11-08 18:12:23'),
(396,33,'边','right',NULL,2,'2025-11-08 18:12:23'),
(397,33,'眼','right',NULL,3,'2025-11-08 18:12:23'),
(398,33,'空','right',NULL,4,'2025-11-08 18:12:24'),
(399,33,'气','right',NULL,5,'2025-11-08 18:12:24'),
(400,33,'子','right',NULL,6,'2025-11-08 18:12:24'),
(401,32,'丛','left',410,1,'2025-11-08 18:12:52'),
(402,32,'从','left',409,2,'2025-11-08 18:12:52'),
(403,32,'处','left',412,3,'2025-11-08 18:12:52'),
(404,32,'外','left',407,4,'2025-11-08 18:12:52'),
(405,32,'休','left',408,5,'2025-11-08 18:12:52'),
(406,32,'体','left',411,6,'2025-11-08 18:12:52'),
(407,32,'面','right',NULL,1,'2025-11-08 18:12:52'),
(408,32,'息','right',NULL,2,'2025-11-08 18:12:52'),
(409,32,'前','right',NULL,3,'2025-11-08 18:12:52'),
(410,32,'林','right',NULL,4,'2025-11-08 18:12:52'),
(411,32,'身','right',NULL,5,'2025-11-08 18:12:52'),
(412,32,'到','right',NULL,6,'2025-11-08 18:12:52'),
(413,31,'笑','left',422,1,'2025-11-08 18:13:18'),
(414,31,'兴','left',421,2,'2025-11-08 18:13:18'),
(415,31,'黑','left',420,3,'2025-11-08 18:13:19'),
(416,31,'水','left',424,4,'2025-11-08 18:13:19'),
(417,31,'胖','left',423,5,'2025-11-08 18:13:19'),
(418,31,'干','left',419,6,'2025-11-08 18:13:19'),
(419,31,'巴巴','right',NULL,1,'2025-11-08 18:13:19'),
(420,31,'压压','right',NULL,2,'2025-11-08 18:13:19'),
(421,31,'冲冲','right',NULL,3,'2025-11-08 18:13:19'),
(422,31,'盈盈','right',NULL,4,'2025-11-08 18:13:19'),
(423,31,'乎乎','right',NULL,5,'2025-11-08 18:13:19'),
(424,31,'汪汪','right',NULL,6,'2025-11-08 18:13:19'),
(425,30,'一方','left',433,1,'2025-11-08 20:38:56'),
(426,30,'一行','left',434,2,'2025-11-08 20:38:56'),
(427,30,'一丛','left',432,3,'2025-11-08 20:38:57'),
(428,30,'一处','left',430,4,'2025-11-08 20:38:57'),
(429,30,'一座','left',431,5,'2025-11-08 20:38:57'),
(430,30,'港湾','right',NULL,1,'2025-11-08 20:38:58'),
(431,30,'花园','right',NULL,2,'2025-11-08 20:38:58'),
(432,30,'翠竹','right',NULL,3,'2025-11-08 20:38:59'),
(433,30,'鱼塘','right',NULL,4,'2025-11-08 20:38:59'),
(434,30,'垂柳','right',NULL,5,'2025-11-08 20:38:59'),
(435,29,'熊猫','left',439,1,'2025-11-08 20:39:16'),
(436,29,'雄鹰','left',438,2,'2025-11-08 20:39:16'),
(437,29,'春风','left',440,3,'2025-11-08 20:39:16'),
(438,29,'飞翔','right',NULL,1,'2025-11-08 20:39:16'),
(439,29,'嬉戏','right',NULL,2,'2025-11-08 20:39:17'),
(440,29,'吹','right',NULL,3,'2025-11-08 20:39:17'),
(441,28,'叶儿','left',445,1,'2025-11-08 20:40:00'),
(442,28,'松树','left',446,2,'2025-11-08 20:40:00'),
(443,28,'满院','left',444,3,'2025-11-08 20:40:00'),
(444,28,'香','right',NULL,1,'2025-11-08 20:40:00'),
(445,28,'红','right',NULL,2,'2025-11-08 20:40:00'),
(446,28,'青','right',NULL,3,'2025-11-08 20:40:01'),
(447,27,'《小蝌蚪找妈妈》','left',452,1,'2025-11-08 20:40:25'),
(448,27,'《我是什么》','left',451,2,'2025-11-08 20:40:25'),
(449,27,'《植物妈妈有办法》','left',450,3,'2025-11-08 20:40:26'),
(450,27,'要学会仔细观察','right',NULL,1,'2025-11-08 20:40:26'),
(451,27,'要保护水资源','right',NULL,2,'2025-11-08 20:40:26'),
(452,27,'要学会独立生活，勇敢探索','right',NULL,3,'2025-11-08 20:40:27'),
(453,26,'粗心','left',459,1,'2025-11-08 20:40:49'),
(454,26,'离开','left',460,2,'2025-11-08 20:40:49'),
(455,26,'温和','left',458,3,'2025-11-08 20:40:50'),
(456,26,'发动','left',457,4,'2025-11-08 20:40:50'),
(457,26,'停止','right',NULL,1,'2025-11-08 20:40:50'),
(458,26,'暴躁','right',NULL,2,'2025-11-08 20:40:50'),
(459,26,'细心','right',NULL,3,'2025-11-08 20:40:51'),
(460,26,'回来','right',NULL,4,'2025-11-08 20:40:51'),
(461,25,'连忙','left',468,1,'2025-11-08 20:41:09'),
(462,25,'平常','left',466,2,'2025-11-08 20:41:09'),
(463,25,'温和','left',465,3,'2025-11-08 20:41:09'),
(464,25,'帮助','left',467,4,'2025-11-08 20:41:09'),
(465,25,'和善','right',NULL,1,'2025-11-08 20:41:10'),
(466,25,'平时','right',NULL,2,'2025-11-08 20:41:10'),
(467,25,'帮忙','right',NULL,3,'2025-11-08 20:41:10'),
(468,25,'急忙','right',NULL,4,'2025-11-08 20:41:10'),
(469,24,'一对','left',480,1,'2025-11-08 20:42:08'),
(470,24,'一只','left',479,2,'2025-11-08 20:42:08'),
(471,24,'一条','left',481,3,'2025-11-08 20:42:09'),
(472,24,'一朵','left',483,4,'2025-11-08 20:42:09'),
(473,24,'一滴','left',478,5,'2025-11-08 20:42:09'),
(474,24,'一片','left',477,6,'2025-11-08 20:42:09'),
(475,24,'一座','left',484,7,'2025-11-08 20:42:10'),
(476,24,'一台','left',482,8,'2025-11-08 20:42:10'),
(477,24,'雪花','right',NULL,1,'2025-11-08 20:42:10'),
(478,24,'水','right',NULL,2,'2025-11-08 20:42:11'),
(479,24,'乌龟','right',NULL,3,'2025-11-08 20:42:11'),
(480,24,'眼睛','right',NULL,4,'2025-11-08 20:42:12'),
(481,24,'后腿','right',NULL,5,'2025-11-08 20:42:12'),
(482,24,'机器','right',NULL,6,'2025-11-08 20:42:12'),
(483,24,'荷花','right',NULL,7,'2025-11-08 20:42:12'),
(484,24,'房屋','right',NULL,8,'2025-11-08 20:42:12'),
(485,23,'大大的','left',494,1,'2025-11-08 20:42:34'),
(486,23,'雪白的','left',492,2,'2025-11-08 20:42:35'),
(487,23,'长长的','left',491,3,'2025-11-08 20:42:36'),
(488,23,'碧绿的','left',493,4,'2025-11-08 20:42:37'),
(489,23,'粗心的','left',490,5,'2025-11-08 20:42:37'),
(490,23,'小朋友','right',NULL,1,'2025-11-08 20:42:37'),
(491,23,'尾巴','right',NULL,2,'2025-11-08 20:42:37'),
(492,23,'肚皮','right',NULL,3,'2025-11-08 20:42:38'),
(493,23,'衣裳','right',NULL,4,'2025-11-08 20:42:38'),
(494,23,'脑袋','right',NULL,5,'2025-11-08 20:42:38'),
(495,22,'冲毁','left',502,1,'2025-11-08 20:43:09'),
(496,22,'灌溉','left',500,2,'2025-11-08 20:43:09'),
(497,22,'淹没','left',501,3,'2025-11-08 20:43:09'),
(498,22,'发动','left',504,4,'2025-11-08 20:43:10'),
(499,22,'穿上','left',503,5,'2025-11-08 20:43:10'),
(500,22,'庄稼','right',NULL,1,'2025-11-08 20:43:10'),
(501,22,'田地','right',NULL,2,'2025-11-08 20:43:10'),
(502,22,'房屋','right',NULL,3,'2025-11-08 20:43:11'),
(503,22,'铠甲','right',NULL,4,'2025-11-08 20:43:11'),
(504,22,'机器','right',NULL,5,'2025-11-08 20:43:11'),
(505,44,'两只','left',514,1,'2025-11-09 15:12:22'),
(506,44,'一层','left',512,2,'2025-11-09 15:12:23'),
(507,44,'一轮','left',513,3,'2025-11-09 15:12:23'),
(508,44,'一道','left',510,4,'2025-11-09 15:12:23'),
(509,44,'一片','left',511,5,'2025-11-09 15:12:23'),
(510,44,'瀑布','right',NULL,1,'2025-11-09 15:12:23'),
(511,44,'云海','right',NULL,2,'2025-11-09 15:12:23'),
(512,44,'楼','right',NULL,3,'2025-11-09 15:12:23'),
(513,44,'红日','right',NULL,4,'2025-11-09 15:12:23'),
(514,44,'胳膊','right',NULL,5,'2025-11-09 15:12:23'),
(515,45,'一座','left',524,1,'2025-11-09 15:13:36'),
(516,45,'一个','left',520,2,'2025-11-09 15:13:37'),
(517,45,'一块','left',523,3,'2025-11-09 15:13:37'),
(518,45,'一位','left',521,4,'2025-11-09 15:13:37'),
(519,45,'一只','left',522,5,'2025-11-09 15:13:37'),
(520,45,'桃子','right',NULL,1,'2025-11-09 15:13:37'),
(521,45,'仙人','right',NULL,2,'2025-11-09 15:13:38'),
(522,45,'雄鸡','right',NULL,3,'2025-11-09 15:13:38'),
(523,45,'巨石','right',NULL,4,'2025-11-09 15:13:38'),
(524,45,'山峰','right',NULL,5,'2025-11-09 15:13:38'),
(525,46,'一面','left',530,1,'2025-11-09 15:14:34'),
(526,46,'一朵','left',531,2,'2025-11-09 15:14:34'),
(527,46,'一些','left',532,3,'2025-11-09 15:14:34'),
(528,46,'一把','left',529,4,'2025-11-09 15:14:34'),
(529,46,'珍珠','right',NULL,1,'2025-11-09 15:14:34'),
(530,46,'镜子','right',NULL,2,'2025-11-09 15:14:35'),
(531,46,'彩云','right',NULL,3,'2025-11-09 15:14:35'),
(532,46,'宝贝','right',NULL,4,'2025-11-09 15:14:35'),
(533,47,'一把','left',542,1,'2025-11-09 15:15:59'),
(534,47,'一颗','left',538,2,'2025-11-09 15:16:00'),
(535,47,'一只','left',541,3,'2025-11-09 15:16:00'),
(536,47,'一支','left',540,4,'2025-11-09 15:16:00'),
(537,47,'一个','left',539,5,'2025-11-09 15:16:00'),
(538,47,'星星','right',NULL,1,'2025-11-09 15:16:00'),
(539,47,'玉盘','right',NULL,2,'2025-11-09 15:16:01'),
(540,47,'小曲','right',NULL,3,'2025-11-09 15:16:02'),
(541,47,'小鸟','right',NULL,4,'2025-11-09 15:16:02'),
(542,47,'勺子','right',NULL,5,'2025-11-09 15:16:02'),
(543,48,'一只','left',548,1,'2025-11-09 15:17:53'),
(544,48,'一支','left',549,2,'2025-11-09 15:17:53'),
(545,48,'一朵','left',550,3,'2025-11-09 15:17:53'),
(546,48,'一队','left',547,4,'2025-11-09 15:17:53'),
(547,48,'红领巾','right',NULL,1,'2025-11-09 15:17:54'),
(548,48,'山雀','right',NULL,2,'2025-11-09 15:17:54'),
(549,48,'铅笔','right',NULL,3,'2025-11-09 15:17:54'),
(550,48,'红花','right',NULL,4,'2025-11-09 15:17:54'),
(551,49,'一方','left',564,1,'2025-11-09 15:19:49'),
(552,49,'一块','left',560,2,'2025-11-09 15:19:49'),
(553,49,'一行','left',562,3,'2025-11-09 15:19:50'),
(554,49,'一丛','left',563,4,'2025-11-09 15:19:50'),
(555,49,'一座','left',561,5,'2025-11-09 15:19:50'),
(556,49,'一艘','left',559,6,'2025-11-09 15:19:50'),
(557,49,'一处','left',559,7,'2025-11-09 15:19:51'),
(558,49,'军舰','right',NULL,1,'2025-11-09 15:19:51'),
(559,49,'港湾','right',NULL,2,'2025-11-09 15:19:51'),
(560,49,'稻田','right',NULL,3,'2025-11-09 15:19:51'),
(561,49,'花园','right',NULL,4,'2025-11-09 15:19:52'),
(562,49,'垂柳','right',NULL,5,'2025-11-09 15:19:52'),
(563,49,'翠竹','right',NULL,6,'2025-11-09 15:19:52'),
(564,49,'鱼塘','right',NULL,7,'2025-11-09 15:19:52'),
(565,50,'一片','left',571,1,'2025-11-09 15:21:06'),
(566,50,'一台','left',570,2,'2025-11-09 15:21:06'),
(567,50,'一条','left',572,3,'2025-11-09 15:21:07'),
(568,50,'一份','left',569,4,'2025-11-09 15:21:07'),
(569,50,'礼物','right',NULL,1,'2025-11-09 15:21:07'),
(570,50,'机器','right',NULL,2,'2025-11-09 15:21:08'),
(571,50,'雪花','right',NULL,3,'2025-11-09 15:21:08'),
(572,50,'帆船','right',NULL,4,'2025-11-09 15:21:08'),
(573,51,'如','left',584,1,'2025-11-09 16:23:05'),
(574,51,'知','left',583,2,'2025-11-09 16:23:05'),
(575,51,'洋','left',582,3,'2025-11-09 16:23:05'),
(576,51,'样','left',581,4,'2025-11-09 16:23:05'),
(577,51,'处','left',585,5,'2025-11-09 16:23:06'),
(578,51,'外','left',586,6,'2025-11-09 16:23:06'),
(579,51,'从','left',588,7,'2025-11-09 16:23:06'),
(580,51,'丛','left',587,8,'2025-11-09 16:23:06'),
(581,51,'子','right',NULL,1,'2025-11-09 16:23:06'),
(582,51,'气','right',NULL,2,'2025-11-09 16:23:06'),
(583,51,'道','right',NULL,3,'2025-11-09 16:23:07'),
(584,51,'果','right',NULL,4,'2025-11-09 16:23:07'),
(585,51,'到','right',NULL,5,'2025-11-09 16:23:07'),
(586,51,'面','right',NULL,6,'2025-11-09 16:23:07'),
(587,51,'林','right',NULL,7,'2025-11-09 16:23:07'),
(588,51,'来','right',NULL,8,'2025-11-09 16:23:07'),
(589,52,'明','left',603,1,'2025-11-09 16:25:30'),
(590,52,'朋','left',604,2,'2025-11-09 16:25:30'),
(591,52,'园','left',601,3,'2025-11-09 16:25:30'),
(592,52,'圆','left',602,4,'2025-11-09 16:25:31'),
(593,52,'辛','left',599,5,'2025-11-09 16:25:31'),
(594,52,'幸','left',600,6,'2025-11-09 16:25:31'),
(595,52,'季','left',598,7,'2025-11-09 16:25:31'),
(596,52,'李','left',597,8,'2025-11-09 16:25:31'),
(597,52,'子','right',NULL,1,'2025-11-09 16:25:32'),
(598,52,'节','right',NULL,2,'2025-11-09 16:25:32'),
(599,52,'苦','right',NULL,3,'2025-11-09 16:25:32'),
(600,52,'运','right',NULL,4,'2025-11-09 16:25:32'),
(601,52,'公','right',NULL,5,'2025-11-09 16:25:32'),
(602,52,'形','right',NULL,6,'2025-11-09 16:25:32'),
(603,52,'天','right',NULL,7,'2025-11-09 16:25:32'),
(604,52,'友','right',NULL,8,'2025-11-09 16:25:33'),
(605,53,'肥','left',613,1,'2025-11-09 16:28:30'),
(606,53,'把','left',614,2,'2025-11-09 16:28:30'),
(607,53,'真','left',611,3,'2025-11-09 16:28:30'),
(608,53,'直','left',612,4,'2025-11-09 16:28:31'),
(609,53,'部','left',615,7,'2025-11-09 16:28:31'),
(610,53,'陪','left',616,8,'2025-11-09 16:28:31'),
(611,53,'心','right',NULL,1,'2025-11-09 16:28:32'),
(612,53,'尺','right',NULL,2,'2025-11-09 16:28:32'),
(613,53,'化','right',NULL,3,'2025-11-09 16:28:32'),
(614,53,'手','right',NULL,4,'2025-11-09 16:28:32'),
(615,53,'首','right',NULL,5,'2025-11-09 16:28:32'),
(616,53,'伴','right',NULL,6,'2025-11-09 16:28:32'),
(617,54,'境','left',628,1,'2025-11-09 16:31:42'),
(618,54,'镜','left',627,2,'2025-11-09 16:31:42'),
(619,54,'着','left',625,5,'2025-11-09 16:31:42'),
(620,54,'看','left',626,6,'2025-11-09 16:31:42'),
(621,54,'兴','left',623,7,'2025-11-09 16:31:42'),
(622,54,'头','left',624,8,'2025-11-09 16:31:42'),
(623,54,'高','right',NULL,1,'2025-11-09 16:31:42'),
(624,54,'发','right',NULL,2,'2025-11-09 16:31:42'),
(625,54,'火','right',NULL,3,'2025-11-09 16:31:42'),
(626,54,'望','right',NULL,4,'2025-11-09 16:31:42'),
(627,54,'仙','right',NULL,7,'2025-11-09 16:31:43'),
(628,54,'子','right',NULL,6,'2025-11-09 16:31:43'),
(629,55,'扑','left',640,1,'2025-11-09 16:33:31'),
(630,55,'朴','left',639,2,'2025-11-09 16:33:31'),
(631,55,'珍','left',637,3,'2025-11-09 16:33:31'),
(632,55,'诊','left',638,4,'2025-11-09 16:33:31'),
(633,55,'鹃','left',636,5,'2025-11-09 16:33:31'),
(634,55,'绢','left',635,6,'2025-11-09 16:33:31'),
(635,55,'手','right',NULL,1,'2025-11-09 16:33:32'),
(636,55,'杜','right',NULL,2,'2025-11-09 16:33:32'),
(637,55,'珠','right',NULL,3,'2025-11-09 16:33:32'),
(638,55,'所','right',NULL,4,'2025-11-09 16:33:32'),
(639,55,'素','right',NULL,5,'2025-11-09 16:33:32'),
(640,55,'倒','right',NULL,6,'2025-11-09 16:33:32'),
(641,56,'场所','left',648,1,'2025-11-09 16:35:50'),
(642,56,'场院','left',647,2,'2025-11-09 16:35:50'),
(643,56,'好了','left',646,3,'2025-11-09 16:35:50'),
(644,56,'明了','left',645,4,'2025-11-09 16:35:51'),
(645,56,'liǎo','right',NULL,1,'2025-11-09 16:35:51'),
(646,56,'le','right',NULL,2,'2025-11-09 16:35:51'),
(647,56,'cháng','right',NULL,3,'2025-11-09 16:35:52'),
(648,56,'chǎng','right',NULL,4,'2025-11-09 16:35:52'),
(649,57,'歌曲','left',657,1,'2025-11-09 16:37:43'),
(650,57,'弯曲','left',658,2,'2025-11-09 16:37:43'),
(651,57,'提问','left',660,3,'2025-11-09 16:37:43'),
(652,57,'提防','left',659,4,'2025-11-09 16:37:44'),
(653,57,'转动','left',655,5,'2025-11-09 16:37:44'),
(654,57,'转身','left',656,6,'2025-11-09 16:37:44'),
(655,57,'zhuàn','right',NULL,1,'2025-11-09 16:37:44'),
(656,57,'zhuǎn','right',NULL,2,'2025-11-09 16:37:45'),
(657,57,'qǔ','right',NULL,3,'2025-11-09 16:37:45'),
(658,57,'qū','right',NULL,4,'2025-11-09 16:37:45'),
(659,57,'dī','right',NULL,5,'2025-11-09 16:37:45'),
(660,57,'tí','right',NULL,6,'2025-11-09 16:37:46'),
(661,58,'无数','left',673,1,'2025-11-09 16:41:28'),
(662,58,'数数(第一个数)','left',674,2,'2025-11-09 16:41:28'),
(663,58,'首都','left',675,3,'2025-11-09 16:41:28'),
(664,58,'都是','left',676,4,'2025-11-09 16:41:29'),
(665,58,'美好','left',679,5,'2025-11-09 16:41:29'),
(666,58,'爱好','left',680,6,'2025-11-09 16:41:30'),
(667,58,'树干','left',671,7,'2025-11-09 16:41:30'),
(668,58,'干净','left',672,8,'2025-11-09 16:41:31'),
(669,58,'分开','left',677,9,'2025-11-09 16:41:31'),
(670,58,'水分','left',678,10,'2025-11-09 16:41:31'),
(671,58,'gàn','right',NULL,1,'2025-11-09 16:41:31'),
(672,58,'gān','right',NULL,2,'2025-11-09 16:41:32'),
(673,58,'shù','right',NULL,3,'2025-11-09 16:41:32'),
(674,58,'shǔ','right',NULL,4,'2025-11-09 16:41:32'),
(675,58,'dū','right',NULL,5,'2025-11-09 16:41:33'),
(676,58,'dōu','right',NULL,6,'2025-11-09 16:41:33'),
(677,58,'fēn','right',NULL,7,'2025-11-09 16:41:33'),
(678,58,'fèn','right',NULL,8,'2025-11-09 16:41:33'),
(679,58,'hǎo','right',NULL,9,'2025-11-09 16:41:34'),
(680,58,'hào','right',NULL,10,'2025-11-09 16:41:34'),
(681,59,'壮','left',689,1,'2025-11-09 16:43:50'),
(682,59,'伙伴','left',691,2,'2025-11-09 16:43:51'),
(683,59,'嬉戏','left',690,3,'2025-11-09 16:43:51'),
(684,59,'寒','left',688,4,'2025-11-09 16:43:51'),
(685,59,'保护','left',692,5,'2025-11-09 16:43:51'),
(686,59,'辛苦','left',687,6,'2025-11-09 16:43:52'),
(687,59,'辛劳','right',NULL,1,'2025-11-09 16:43:52'),
(688,59,'冷','right',NULL,2,'2025-11-09 16:43:52'),
(689,59,'强','right',NULL,3,'2025-11-09 16:43:53'),
(690,59,'玩耍','right',NULL,4,'2025-11-09 16:43:53'),
(691,59,'朋友','right',NULL,5,'2025-11-09 16:43:53'),
(692,59,'保卫','right',NULL,6,'2025-11-09 16:43:53'),
(693,60,'美丽','left',704,1,'2025-11-09 16:46:01'),
(694,60,'高兴','left',703,2,'2025-11-09 16:46:02'),
(695,60,'喜欢','left',699,3,'2025-11-09 16:46:02'),
(696,60,'著名','left',700,4,'2025-11-09 16:46:02'),
(697,60,'认真','left',701,5,'2025-11-09 16:46:02'),
(698,60,'刻苦','left',702,6,'2025-11-09 16:46:03'),
(699,60,'喜爱','right',NULL,1,'2025-11-09 16:46:03'),
(700,60,'出名','right',NULL,2,'2025-11-09 16:46:03'),
(701,60,'仔细','right',NULL,3,'2025-11-09 16:46:03'),
(702,60,'勤奋','right',NULL,4,'2025-11-09 16:46:03'),
(703,60,'快乐','right',NULL,5,'2025-11-09 16:46:04'),
(704,60,'漂亮','right',NULL,6,'2025-11-09 16:46:04'),
(705,61,'高','left',718,1,'2025-11-09 16:49:00'),
(706,61,'欢笑','left',719,2,'2025-11-09 16:49:00'),
(707,61,'暖','left',713,3,'2025-11-09 16:49:01'),
(708,61,'保护','left',714,4,'2025-11-09 16:49:01'),
(709,61,'早','left',715,5,'2025-11-09 16:49:01'),
(710,61,'肥','left',717,6,'2025-11-09 16:49:01'),
(711,61,'朋友','left',716,7,'2025-11-09 16:49:02'),
(712,61,'晴','left',720,8,'2025-11-09 16:49:02'),
(713,61,'寒','right',NULL,1,'2025-11-09 16:49:02'),
(714,61,'伤害','right',NULL,2,'2025-11-09 16:49:02'),
(715,61,'晚','right',NULL,3,'2025-11-09 16:49:03'),
(716,61,'敌人','right',NULL,4,'2025-11-09 16:49:03'),
(717,61,'瘦','right',NULL,5,'2025-11-09 16:49:03'),
(718,61,'矮','right',NULL,6,'2025-11-09 16:49:03'),
(719,61,'哭泣','right',NULL,7,'2025-11-09 16:49:04'),
(720,61,'阴','right',NULL,8,'2025-11-09 16:49:04'),
(721,62,'辛苦','left',734,1,'2025-11-09 16:51:28'),
(722,62,'香','left',728,2,'2025-11-09 16:51:28'),
(723,62,'丑陋','left',729,3,'2025-11-09 16:51:28'),
(724,62,'高兴','left',730,4,'2025-11-09 16:51:29'),
(725,62,'喜欢','left',731,5,'2025-11-09 16:51:29'),
(726,62,'清楚','left',732,6,'2025-11-09 16:51:29'),
(727,62,'总是','left',733,7,'2025-11-09 16:51:30'),
(728,62,'臭','right',NULL,1,'2025-11-09 16:51:30'),
(729,62,'美丽','right',NULL,2,'2025-11-09 16:51:30'),
(730,62,'难过','right',NULL,3,'2025-11-09 16:51:31'),
(731,62,'讨厌','right',NULL,4,'2025-11-09 16:51:31'),
(732,62,'模糊','right',NULL,5,'2025-11-09 16:51:31'),
(733,62,'偶尔','right',NULL,6,'2025-11-09 16:51:31'),
(734,62,'轻松','right',NULL,7,'2025-11-09 16:51:32'),
(735,63,'有山皆图画','left',742,1,'2025-11-09 18:36:11'),
(736,63,'白马西风塞上','left',741,2,'2025-11-09 18:36:11'),
(737,63,'清风明月本无价','left',740,3,'2025-11-09 18:36:11'),
(738,63,'雾锁山头山锁雾','left',739,4,'2025-11-09 18:36:11'),
(739,63,'天连水尾水连天','right',NULL,1,'2025-11-09 18:36:12'),
(740,63,'近水远山皆有情','right',NULL,2,'2025-11-09 18:36:12'),
(741,63,'杏花烟雨江南','right',NULL,3,'2025-11-09 18:36:12'),
(742,63,'无水不文章','right',NULL,4,'2025-11-09 18:36:12'),
(743,64,'采','left',754,1,'2025-11-09 18:40:02'),
(744,64,'施','left',751,2,'2025-11-09 18:40:02'),
(745,64,'除','left',753,3,'2025-11-09 18:40:03'),
(746,64,'耕','left',750,4,'2025-11-09 18:40:03'),
(747,64,'打','left',752,5,'2025-11-09 18:40:03'),
(748,64,'戴','left',749,6,'2025-11-09 18:40:03'),
(749,64,'月光','right',NULL,1,'2025-11-09 18:40:04'),
(750,64,'田','right',NULL,2,'2025-11-09 18:40:04'),
(751,64,'肥','right',NULL,3,'2025-11-09 18:40:04'),
(752,64,'谷','right',NULL,4,'2025-11-09 18:40:04'),
(753,64,'草','right',NULL,5,'2025-11-09 18:40:04'),
(754,64,'桑','right',NULL,6,'2025-11-09 18:40:05'),
(765,70,'he','left',774,1,'2025-11-15 17:52:02'),
(766,70,'she','left',776,2,'2025-11-15 17:52:03'),
(767,70,'I','left',771,3,'2025-11-15 17:52:03'),
(768,70,'you','left',772,4,'2025-11-15 17:52:03'),
(769,70,'we','left',773,5,'2025-11-15 17:52:03'),
(770,70,'they','left',775,6,'2025-11-15 17:52:03'),
(771,70,'我','right',NULL,1,'2025-11-15 17:52:03'),
(772,70,'你，你们','right',NULL,2,'2025-11-15 17:52:03'),
(773,70,'我们','right',NULL,3,'2025-11-15 17:52:03'),
(774,70,'他','right',NULL,4,'2025-11-15 17:52:03'),
(775,70,'他们','right',NULL,5,'2025-11-15 17:52:03'),
(776,70,'她','right',NULL,6,'2025-11-15 17:52:04'),
(783,76,'羡','left',788,1,'2025-12-21 11:36:09'),
(784,76,'地','left',786,2,'2025-12-21 11:36:09'),
(785,76,'开','left',787,3,'2025-12-21 11:36:09'),
(786,76,'墓','right',NULL,1,'2025-12-21 11:36:09'),
(787,76,'幕','right',NULL,2,'2025-12-21 11:36:09'),
(788,76,'慕','right',NULL,3,'2025-12-21 11:36:10'),
(789,69,'this','left',798,1,'2025-12-21 14:27:44'),
(790,69,'that','left',796,2,'2025-12-21 14:27:44'),
(791,69,'these','left',794,3,'2025-12-21 14:27:44'),
(792,69,'those','left',797,4,'2025-12-21 14:27:44'),
(793,69,'it','left',795,5,'2025-12-21 14:27:44'),
(794,69,'这些','right',NULL,1,'2025-12-21 14:27:44'),
(795,69,'它','right',NULL,2,'2025-12-21 14:27:44'),
(796,69,'那个','right',NULL,3,'2025-12-21 14:27:44'),
(797,69,'那些','right',NULL,4,'2025-12-21 14:27:44'),
(798,69,'这个','right',NULL,5,'2025-12-21 14:27:44');

/*!40101 SET SQL_MODE=@OLD_SQL_MODE */;
/*!40014 SET FOREIGN_KEY_CHECKS=@OLD_FOREIGN_KEY_CHECKS */;
/*!40014 SET UNIQUE_CHECKS=@OLD_UNIQUE_CHECKS */;
/*!40111 SET SQL_NOTES=@OLD_SQL_NOTES */;
